tag,name,notes
203B UW,,Cow · Heifer · Active
140Y UW,,Cow · Heifer · EID 140-368 · Active
23 X,,Cow · Heifer · EID 133-361 · Active
110Y UW,,Cow · Heifer · EID 110-338 · Active
97,,Cow · Heifer · EID 120-348 · Active
146Y UW,,Cow · Heifer · EID 146-374 · Active
113Y UW,,Cow · Heifer · EID 113-341 · Active
62 X,,Cow · Heifer · EID 143-371 · Active
47 X,,Cow · Heifer · EID 139-367 · Active
131Y UW,,Cow · Heifer · EID 131-359 · Active
141Y UW,,Cow · Heifer · EID 141-369 · Active
114,,Cow · Heifer · EID 111-339 · Active
69,,Cow · Heifer · EID 137-365 · Active
102,,Cow · Heifer · EID 104-332 · Active
111,,Cow · Heifer · EID 138-366 · Active
133 X,,Cow · Heifer · EID 169-397 · Active
66 X,,Cow · Heifer · EID 149-377 · Active
121,,Cow · Heifer · EID 122-350 · Active
136Y UW,,Cow · Heifer · EID 136-364 · Active
16,,Cow · Heifer · Active
114Y UW,,Cow · Heifer · EID 114-342 · Active
118 X,,Cow · Heifer · EID 184-412 · Active
122,,Cow · Heifer · Active
135,,Cow · Heifer · EID 150-378 · Active
32 X,,Cow · Heifer · EID 134-362 · Active
116,,Cow · Heifer · EID 127-355 · Active
172Y UW,,Cow · Heifer · EID 172-400 · Active
92 X,,Cow · Heifer · EID 121-349 · Active
36,,Cow · Heifer · EID 151-379 · Active
11 X,,Cow · Heifer · EID 123-351 · Active
76 X,,Cow · Heifer · EID 119-347 · Active
83 X,,Cow · Heifer · Active
50 X,,Cow · Heifer · EID 130-358 · Active
142Y UW,,Cow · Heifer · EID 125-353 · Active
68,,Cow · Heifer · EID 128-356 · Active
13,,Cow · Heifer · Active
45 X,,Cow · Heifer · Active
71 X,,Cow · Heifer · EID 147-376 · Active
115,,Cow · Heifer · EID 132-360 · Active
109 X,,Cow · Heifer · EID 118-346 · Active
48,,Cow · Heifer · Active
77,,Cow · Heifer · EID 124-352 · Active
104,,Cow · Heifer · EID 106-334 · Active
80,,Cow · Heifer · EID 144-372 · Active
93,,Cow · Heifer · EID 148-376 · Active
44,,Cow · Heifer · EID 145-373 · Active
135Y UW,,Cow · Heifer · EID 135-363 · Active
102Y WU,LUCY,Cow · Heifer · EID 102-330 · Active
117 X,,Cow · Heifer · EID 101-329 · Active
100 X,,Cow · Heifer · EID 103-331 · Active
105Y UW,,Cow · Heifer · EID 105-333 · Active
107Y UW,,Cow · Heifer · EID 107-335 · Active
108Y UW,,Cow · Heifer · EID 108-336 · Active
33 X,,Cow · Heifer · EID 115-343 · Active
130 X,,Cow · Heifer · EID 116-344 · Active
21 X,,Cow · Heifer · EID 117-345 · Active
126Y UW,,Cow · Heifer · EID 126-354 · Active
129Y UW,,Cow · Heifer · EID 129-357 · Active
60,,Cow · Heifer · EID 142-370 · Active
5 X,,Cow · Heifer · Active
89,,Cow · Heifer · Active
79 X,,Cow · Heifer · Active
1,,Cow · Heifer · Active
67,,Cow · Heifer · Active
40,,Cow · Heifer · Active
132,,Cow · Heifer · Active
90,,Cow · Heifer · Active
127 X,,Cow · Heifer · Active
399G UW,,Cow · Heifer · Active
119,,Cow · Heifer · Active
126,,Cow · Heifer · Active
99 X,,Cow · Heifer · Active
141,,Cow · Heifer · Active
88,,Cow · Heifer · Active
420G UW,,Cow · Heifer · Active
87,,Cow · Heifer · Active
417G UW,,Cow · Heifer · Active
418G UW,,Cow · Heifer · Active
416G UW,,Cow · Heifer · Active
57 X,,Cow · Heifer · Active
30,,Cow · Heifer · Active
85,,Cow · Heifer · Active
389G UW,,Cow · Heifer · Active
419G UW,,Cow · Heifer · Active
96,,Cow · Heifer · Active
134,,Cow · Heifer · Active
98,,Cow · Heifer · Active
31 X,,Cow · Heifer · Active
41,,Cow · Heifer · Active
307G UW,,Cow · Heifer · Active
39,,Cow · Heifer · Active
129,,Cow · Heifer · Active
103,,Cow · Heifer · Active
140,,Cow · Heifer · EID 163-391 · Active
124,,Cow · Heifer · EID 181-409 · Active
63,,Cow · Heifer · Active
8,,Cow · Heifer · EID 191-419 · Active
94,,Cow · Heifer · Active
53,,Cow · Heifer · EID 162-390 · Active
131,,Cow · Heifer · EID 179-407 · Active
55,,Cow · Heifer · EID 190-418 · Active
122B,,Cow · Heifer · Active
28,,Cow · Heifer · EID 175-403 · Active
34,,Cow · Heifer · EID 159-387 · Active
101,,Cow · Heifer · Active
17,,Cow · Heifer · Active
61,,Cow · Heifer · Active
37,,Cow · Heifer · EID 160-388 · Active
42,,Cow · Heifer · EID 164-392 · Active
6,,Cow · Heifer · EID 153-381 · Active
84,,Cow · Heifer · EID 161-389 · Active
1901,,Bull · Bull · Active
1902,,Bull · Bull · Active
1903,,Bull · Bull · Active
BLUE 5R,BLUE,Bull · Bull · Active
NOTCH,NOTCH,Bull · Bull · Active
KERMIT,KERMIT,Bull · Bull · Active
120,,Cow · Heifer · EID 196-424 · Active
145,,Cow · Heifer · EID 154-382 · Active
14,,Cow · Heifer · Active
7,,Cow · Heifer · Active
106,,Cow · Heifer · EID 194-422 · Active
29,,Cow · Heifer · EID 192-420 · Active
49,,Cow · Heifer · Active
3,,Cow · Heifer · EID 172-399 · Active
137,,Cow · Heifer · EID 186-414 · Active
65,,Cow · Heifer · EID 176-404 · Active
43,,Cow · Heifer · EID 199-427 · Active
110,,Cow · Heifer · EID 182-410 · Active
12,,Cow · Heifer · EID 152-380 · Active
58,,Cow · Heifer · EID 155-383 · Active
70,,Cow · Heifer · EID 178-406 · Active
10,,Cow · Heifer · Active
91,,Cow · Heifer · EID 187-415 · Active
20,,Cow · Heifer · EID 195-423 · Active
125,,Cow · Heifer · EID 197-425 · Active
139,,Cow · Heifer · EID 157-385 · Active
15,,Cow · Heifer · EID 170-398 · Active
25,,Cow · Heifer · EID 173-401 · Active
123,,Cow · Heifer · Active
138,,Cow · Heifer · Active
107,,Cow · Heifer · EID 158-386 · Active
51,,Cow · Heifer · EID 168-396 · Active
144,,Cow · Heifer · Active
22,,Cow · Heifer · Active
46,,Cow · Heifer · Active
78,,Cow · Heifer · EID 189-417 · Active
75,,Cow · Heifer · EID 180-408 · Active
27,,Cow · Heifer · EID 183-411 · Active
26,,Cow · Heifer · EID 165-393 · Active
95,,Cow · Heifer · EID 156-384 · Active
4,,Cow · Heifer · Active
105,,Cow · Heifer · EID 188-416 · Active
56,,Cow · Heifer · Active
82,,Cow · Heifer · EID 185-413 · Active
73,,Cow · Heifer · Active
200B UW,,Cow · Heifer · Active
100 ARCHIE,ARCHIE,Calf · Bull · Active
108 X,,Cow · Heifer · Active
2,,Cow · Heifer · Active
18,,Cow · Heifer · Active
Fiona,,Cow · Heifer · Active
09,W2 Jackhammer J09,Bull · Bull · Active
74,,Cow · Heifer · Active
9,,Cow · Heifer · Active
19,,Cow · Heifer · Active
143,,Cow · Heifer · Active
24,,Cow · Heifer · Active
128,,Cow · Heifer · Active
112,,Cow · Heifer · Active
35,,Cow · Heifer · Active
113 X,,Cow · Heifer · Active
52,,Cow · Heifer · Active
38,,Cow · Heifer · Active
54,,Cow · Heifer · Active
59,,Cow · Heifer · Active
72,,Cow · Heifer · Active
81,,Cow · Heifer · Active
86,,Cow · Heifer · Active
166Y UW,,Cow · Heifer · Active
214B,,Cow · Heifer · Active
177Y UW,,Cow · Heifer · Active
239B,,Cow · Heifer · Active
